3 Ninjas Kick Back / Hook,44.99,99.99,179.99,735009223906,14684,http://videogames.pricecharting.com/game/sega-cd/3-ninjas-kick-back-hook 
Adventures of Batman and Robin,49.99,59.99,139.99,010086044324,13092,http://videogames.pricecharting.com/game/sega-cd/adventures-of-batman-and-robin 
Adventures of Willy Beamish,10.99,49.99,64.99,020626436083,12990,http://videogames.pricecharting.com/game/sega-cd/adventures-of-willy-beamish 
After Burner III,17.99,44.99,99.99,010086044157,14686,http://videogames.pricecharting.com/game/sega-cd/after-burner-iii 
AH-3 Thunderstrike,10.99,19.99,24.99,009119930574,12560,http://videogames.pricecharting.com/game/sega-cd/ah-3-thunderstrike 
Android Assault,99.99,149.99,439.99,010086044454,13960,http://videogames.pricecharting.com/game/sega-cd/android-assault 
Animals,10.99,13.99,39.99,050047114871,14687,http://videogames.pricecharting.com/game/sega-cd/animals 
A/X-101,34.99,114.99,209.99,018706623942,14685,http://videogames.pricecharting.com/game/sega-cd/ax-101 
Batman Returns,34.99,94.99,184.99,010086044010,14688,http://videogames.pricecharting.com/game/sega-cd/batman-returns 
Battlecorps,29.99,49.99,89.99,031763093800,14690,http://videogames.pricecharting.com/game/sega-cd/battlecorps 
Battle Frenzy,ND,ND,ND,,,http://videogames.pricecharting.com/game/sega-cd/battle-frenzy 
BC Racers,54.99,109.99,199.99,031763080800,14691,http://videogames.pricecharting.com/game/sega-cd/bc-racers 
Bill Walsh College Football,2.99,7.99,15.99,014633072815,14692,http://videogames.pricecharting.com/game/sega-cd/bill-walsh-college-football 
Black Hole Assault,11.99,59.99,79.99,027479064005,14693,http://videogames.pricecharting.com/game/sega-cd/black-hole-assault 
Bouncers,11.99,29.99,69.99,010086049084,14694,http://videogames.pricecharting.com/game/sega-cd/bouncers 
Bram Stokers Dracula,7.99,14.99,34.99,090451601062,13958,http://videogames.pricecharting.com/game/sega-cd/bram-stoker%27s-dracula 
Brutal Paws of Fury,13.99,24.99,34.99,043948003139,14695,http://videogames.pricecharting.com/game/sega-cd/brutal-paws-of-fury 
Cadillacs and Dinosaurs Second Cataclysm,39.99,69.99,104.99,791090200202,14697,http://videogames.pricecharting.com/game/sega-cd/cadillacs-and-dinosaurs-second-cataclysm 
C&C Music Factory Make My Video,ND,ND,ND,,,http://videogames.pricecharting.com/game/sega-cd/c&c-music-factory-make-my-video 
Championship Soccer 94,34.99,89.99,199.99,735009216700,14698,http://videogames.pricecharting.com/game/sega-cd/championship-soccer-%2794 
Chuck Rock,12.99,54.99,129.99,090451601017,14699,http://videogames.pricecharting.com/game/sega-cd/chuck-rock 
Chuck Rock II Son of Chuck,29.99,39.99,84.99,052145860063,14700,http://videogames.pricecharting.com/game/sega-cd/chuck-rock-ii-son-of-chuck 
Cliffhanger,11.99,19.99,34.99,090451606036,13095,http://videogames.pricecharting.com/game/sega-cd/cliffhanger 
Cobra Command,8.99,44.99,94.99,010086044027,13835,http://videogames.pricecharting.com/game/sega-cd/cobra-command 
Corpse Killer,19.99,29.99,59.99,782346023119,14701,http://videogames.pricecharting.com/game/sega-cd/corpse-killer 
Crime Patrol,69.99,199.99,294.99,767861000166,12987,http://videogames.pricecharting.com/game/sega-cd/crime-patrol 
Dark Wizard,54.99,74.99,134.99,010086046519,14702,http://videogames.pricecharting.com/game/sega-cd/dark-wizard 
Demolition Man,49.99,134.99,264.99,021481900412,14703,http://videogames.pricecharting.com/game/sega-cd/demolition-man 
Double Switch,7.99,12.99,24.99,010086044195,14704,http://videogames.pricecharting.com/game/sega-cd/double-switch 
Dracula Unleashed,14.99,19.99,44.99,010086044201,14705,http://videogames.pricecharting.com/game/sega-cd/dracula-unleashed 
Dragons Lair,19.99,34.99,69.99,092667850036,14706,http://videogames.pricecharting.com/game/sega-cd/dragon%27s-lair 
Dune,54.99,74.99,144.99,052145860056,12992,http://videogames.pricecharting.com/game/sega-cd/dune 
Dungeon Explorer,94.99,159.99,294.99,010086046571,14707,http://videogames.pricecharting.com/game/sega-cd/dungeon-explorer 
Dungeon Master II: The Legend of Skullkeep,19.99,34.99,44.99,009119920513,14708,http://videogames.pricecharting.com/game/sega-cd/dungeon-master-ii-the-legend-of-skullkeep 
Earthworm Jim: Special Edition,239.99,434.99,784.99,040421840229,14709,http://videogames.pricecharting.com/game/sega-cd/earthworm-jim-special-edition 
Ecco the Dolphin,17.99,24.99,44.99,010086044089,13834,http://videogames.pricecharting.com/game/sega-cd/ecco-the-dolphin 
Ecco The Tides of Time,14.99,29.99,169.99,010086844412,14710,http://videogames.pricecharting.com/game/sega-cd/ecco-the-tides-of-time 
ESPN Baseball Tonight,11.99,14.99,24.99,090451606050,14711,http://videogames.pricecharting.com/game/sega-cd/espn-baseball-tonight 
ESPN National Hockey Night,6.99,10.99,39.99,735009215505,14712,http://videogames.pricecharting.com/game/sega-cd/espn-national-hockey-night 
ESPN NBA HangTime 95,189.99,279.99,504.99,735009215208,14713,http://videogames.pricecharting.com/game/sega-cd/espn-nba-hangtime-95 
ESPN Sunday Night NFL,9.99,13.99,19.99,090451606067,14714,http://videogames.pricecharting.com/game/sega-cd/espn-sunday-night-nfl 
Eternal Champions,29.99,39.99,74.99,010086044270,13001,http://videogames.pricecharting.com/game/sega-cd/eternal-champions 
Eye of the Beholder,ND,ND,ND,,,http://videogames.pricecharting.com/game/sega-cd/eye-of-the-beholder 
Fahrenheit,24.99,39.99,44.99,010086044386,13094,http://videogames.pricecharting.com/game/sega-cd/fahrenheit 
Fatal Fury Special,224.99,449.99,509.99,009119940634,14716,http://videogames.pricecharting.com/game/sega-cd/fatal-fury-special 
FIFA International Soccer,4.99,9.99,79.99,014633074048,12562,http://videogames.pricecharting.com/game/sega-cd/fifa-international-soccer 
Final Fight,ND,ND,ND,,,http://videogames.pricecharting.com/game/sega-cd/final-fight 
Flashback The Quest for Identity,24.99,39.99,74.99,010086044485,13961,http://videogames.pricecharting.com/game/sega-cd/flashback-the-quest-for-identity 
Flink,139.99,194.99,354.99,034912230552,18647,http://videogames.pricecharting.com/game/sega-cd/flink 
Formula One World Championship: Beyond the Limit,9.99,11.99,29.99,010086046083,14717,http://videogames.pricecharting.com/game/sega-cd/formula-one-world-championship-beyond-the-limit 
Ground Zero Texas,10.99,19.99,24.99,090451601086,13093,http://videogames.pricecharting.com/game/sega-cd/ground-zero-texas 
Heart of the Alien,79.99,114.99,204.99,052145860001,14718,http://videogames.pricecharting.com/game/sega-cd/heart-of-the-alien 
Heimdall,24.99,34.99,64.99,009119940597,14719,http://videogames.pricecharting.com/game/sega-cd/heimdall 
Hook,12.99,59.99,134.99,090451601024,13956,http://videogames.pricecharting.com/game/sega-cd/hook 
INXS: Make My Video,14.99,24.99,49.99,010086049022,14720,http://videogames.pricecharting.com/game/sega-cd/inxs-make-my-video 
Iron Helix,19.99,29.99,54.99,085004126437,14721,http://videogames.pricecharting.com/game/sega-cd/iron-helix 
Jaguar XJ220,11.99,59.99,99.99,009119920551,14722,http://videogames.pricecharting.com/game/sega-cd/jaguar-xj220 
Jeopardy,9.99,17.99,39.99,090451606081,14723,http://videogames.pricecharting.com/game/sega-cd/jeopardy 
Joe Montana NFL Football,3.99,4.99,39.99,010086042016,14724,http://videogames.pricecharting.com/game/sega-cd/joe-montana-nfl-football 
Jurassic Park,9.99,15.99,59.99,010086044119,12563,http://videogames.pricecharting.com/game/sega-cd/jurassic-park 
Keio Flying Squadron,604.99,2689.99,3334.99,009119940658,14725,http://videogames.pricecharting.com/game/sega-cd/keio-flying-squadron 
Kids on Site,10.99,14.99,18.99,782346036119,12998,http://videogames.pricecharting.com/game/sega-cd/kids-on-site 
Kris Kross: Make My Video,8.99,19.99,34.99,090451601048,14726,http://videogames.pricecharting.com/game/sega-cd/kris-kross-make-my-video 
Lawnmower Man,74.99,114.99,139.99,031763095804,14727,http://videogames.pricecharting.com/game/sega-cd/lawnmower-man 
Lethal Enforcers,11.99,49.99,99.99,083717165002,12988,http://videogames.pricecharting.com/game/sega-cd/lethal-enforcers 
Lethal Enforcers 2 Crime Fighters,ND,ND,ND,,,http://videogames.pricecharting.com/game/sega-cd/lethal-enforcers-2-crime-fighters 
Links The Challenge of Golf,9.99,13.99,24.99,052145860070,14728,http://videogames.pricecharting.com/game/sega-cd/links-the-challenge-of-golf 
Loadstar Legend of Tully Bodine,11.99,17.99,29.99,791090200103,12997,http://videogames.pricecharting.com/game/sega-cd/loadstar-legend-of-tully-bodine 
Lords of Thunder,254.99,314.99,359.99,010086044508,14729,http://videogames.pricecharting.com/game/sega-cd/lords-of-thunder 
Lunar Eternal Blue,189.99,329.99,464.99,735366270452,14644,http://videogames.pricecharting.com/game/sega-cd/lunar-eternal-blue 
Lunar The Silver Star,124.99,154.99,174.99,735366270155,14645,http://videogames.pricecharting.com/game/sega-cd/lunar-the-silver-star 
Mad Dog II Lost Gold,39.99,104.99,119.99,767861000135,14730,http://videogames.pricecharting.com/game/sega-cd/mad-dog-ii-lost-gold 
Mad Dog McCree,11.99,29.99,44.99,767861000074,14731,http://videogames.pricecharting.com/game/sega-cd/mad-dog-mccree 
Mansion of Hidden Souls,24.99,34.99,44.99,034912230156,13732,http://videogames.pricecharting.com/game/sega-cd/mansion-of-hidden-souls 
Marky Mark Make My Video,11.99,29.99,49.99,010086049015,14732,http://videogames.pricecharting.com/game/sega-cd/marky-mark-make-my-video 
Mary Shelleys Frankenstein/Bram Stokers Dracula,29.99,39.99,79.99,735009224101,14733,http://videogames.pricecharting.com/game/sega-cd/mary-shelley%27s-frankensteinbram-stoker%27s-dracula 
Masked Rider,29.99,39.99,79.99,020502161184,14734,http://videogames.pricecharting.com/game/sega-cd/masked-rider 
MegaRace,29.99,49.99,69.99,050047114437,14735,http://videogames.pricecharting.com/game/sega-cd/megarace 
Mickey Mania,54.99,79.99,174.99,735009214300,13694,http://videogames.pricecharting.com/game/sega-cd/mickey-mania 
Microcosm,11.99,19.99,44.99,053203010383,14736,http://videogames.pricecharting.com/game/sega-cd/microcosm 
Midnight Raiders,9.99,18.99,29.99,010086044393,13733,http://videogames.pricecharting.com/game/sega-cd/midnight-raiders 
Mighty Morphin Power Rangers,11.99,19.99,49.99,010086044423,12564,http://videogames.pricecharting.com/game/sega-cd/mighty-morphin-power-rangers 
Mortal Kombat,34.99,44.99,134.99,734549003016,12996,http://videogames.pricecharting.com/game/sega-cd/mortal-kombat 
My Paint Animated Paint Program,19.99,34.99,84.99,730309062125,14737,http://videogames.pricecharting.com/game/sega-cd/my-paint-animated-paint-program 
NBA Jam,13.99,19.99,69.99,021481900009,14573,http://videogames.pricecharting.com/game/sega-cd/nba-jam 
NFL Football Trivia Challenge,89.99,139.99,254.99,797132210031,14738,http://videogames.pricecharting.com/game/sega-cd/nfl-football-trivia-challenge 
NFL Greatest Teams,8.99,14.99,29.99,010086042023,14462,http://videogames.pricecharting.com/game/sega-cd/nfl-greatest-teams 
NHL Hockey 94,ND,ND,ND,,,http://videogames.pricecharting.com/game/sega-cd/nhl-hockey-94 
Night Striker,ND,ND,ND,,,http://videogames.pricecharting.com/game/sega-cd/night-striker 
Night Trap,19.99,109.99,479.99,010086049039,14741,http://videogames.pricecharting.com/game/sega-cd/night-trap 
Novastorm,69.99,124.99,229.99,053203013315,14742,http://videogames.pricecharting.com/game/sega-cd/novastorm 
Panic,44.99,94.99,169.99,013252016002,14743,http://videogames.pricecharting.com/game/sega-cd/panic 
Pitfall,24.99,29.99,109.99,047875440166,12983,http://videogames.pricecharting.com/game/sega-cd/pitfall 
Popful Mail,364.99,539.99,974.99,735366270353,14744,http://videogames.pricecharting.com/game/sega-cd/popful-mail 
Power Factory Featuring C&C Music Factory,11.99,19.99,29.99,090451601055,14696,http://videogames.pricecharting.com/game/sega-cd/power-factory-featuring-c%26c-music-factory 
Powermonger,13.99,24.99,34.99,014633072440,14746,http://videogames.pricecharting.com/game/sega-cd/powermonger 
Prince of Persia,15.99,79.99,94.99,010086046526,13729,http://videogames.pricecharting.com/game/sega-cd/prince-of-persia 
Prize Fighter,7.99,11.99,12.99,010086042061,12986,http://videogames.pricecharting.com/game/sega-cd/prize-fighter 
Puggsy,24.99,49.99,94.99,053203009981,14747,http://videogames.pricecharting.com/game/sega-cd/puggsy 
Racing Aces,8.99,12.99,34.99,010086046076,14748,http://videogames.pricecharting.com/game/sega-cd/racing-aces 
Radical Rex,179.99,429.99,729.99,,14749,http://videogames.pricecharting.com/game/sega-cd/radical-rex 
RDF Global Conflict,19.99,29.99,64.99,018706621948,14750,http://videogames.pricecharting.com/game/sega-cd/rdf-global-conflict 
Record of Lodoss War,ND,ND,ND,,,http://videogames.pricecharting.com/game/sega-cd/record-of-lodoss-war 
Revenge of the Ninja,44.99,44.99,84.99,720238103303,14752,http://videogames.pricecharting.com/game/sega-cd/revenge-of-the-ninja 
Revengers of Vengeance,89.99,114.99,164.99,027479617942,14178,http://videogames.pricecharting.com/game/sega-cd/revengers-of-vengeance 
Rise of the Dragon,19.99,39.99,54.99,020626436045,12565,http://videogames.pricecharting.com/game/sega-cd/rise-of-the-dragon 
Road Avenger,24.99,149.99,274.99,720238102801,14753,http://videogames.pricecharting.com/game/sega-cd/road-avenger 
Road Rash,64.99,99.99,179.99,014633072518,14754,http://videogames.pricecharting.com/game/sega-cd/road-rash 
Robo Aleste,114.99,159.99,249.99,031763092803,14755,http://videogames.pricecharting.com/game/sega-cd/robo-aleste 
Rock Paintings and Hot Hits,7.99,8.99,18.99,,21086,http://videogames.pricecharting.com/game/sega-cd/rock-paintings-and-hot-hits 
Samurai Shodown,89.99,204.99,364.99,009119940627,14756,http://videogames.pricecharting.com/game/sega-cd/samurai-shodown 
Sega CD Game Console,ND,ND,ND,,,http://videogames.pricecharting.com/game/sega-cd/sega-cd-game-console 
Sega Classics Arcade Collection,11.99,14.99,29.99,,21085,http://videogames.pricecharting.com/game/sega-cd/sega-classics-arcade-collection 
Sensible Soccer,ND,ND,ND,,,http://videogames.pricecharting.com/game/sega-cd/sensible-soccer 
Sewer Shark,4.99,39.99,149.99,090451601031,13719,http://videogames.pricecharting.com/game/sega-cd/sewer-shark 
Shadow of the Beast II,49.99,99.99,154.99,053203011380,14758,http://videogames.pricecharting.com/game/sega-cd/shadow-of-the-beast-ii 
Shadowrun,ND,ND,ND,,,http://videogames.pricecharting.com/game/sega-cd/shadowrun 
Sherlock Holmes Volume I,3.99,10.99,19.99,,12994,http://videogames.pricecharting.com/game/sega-cd/sherlock-holmes-volume-i 
Sherlock Holmes Volume II,6.99,24.99,49.99,010086046533,12995,http://videogames.pricecharting.com/game/sega-cd/sherlock-holmes-volume-ii 
Shining Force CD,199.99,324.99,504.99,010086046564,14761,http://videogames.pricecharting.com/game/sega-cd/shining-force-cd 
Shin Megami Tensei,ND,ND,ND,,,http://videogames.pricecharting.com/game/sega-cd/shin-megami-tensei 
Silpheed,19.99,29.99,44.99,010086044232,13957,http://videogames.pricecharting.com/game/sega-cd/silpheed 
Slam City,24.99,54.99,89.99,782346027117,14762,http://videogames.pricecharting.com/game/sega-cd/slam-city 
Snatcher,644.99,1134.99,1994.99,083717165026,14763,http://videogames.pricecharting.com/game/sega-cd/snatcher 
Sol-Feace,10.99,18.99,29.99,,14764,http://videogames.pricecharting.com/game/sega-cd/sol-feace 
Sonic CD,39.99,64.99,199.99,010086044072,12991,http://videogames.pricecharting.com/game/sega-cd/sonic-cd 
Soulstar,109.99,159.99,369.99,031763075806,14765,http://videogames.pricecharting.com/game/sega-cd/soulstar 
Space Ace,34.99,59.99,104.99,092667850081,14766,http://videogames.pricecharting.com/game/sega-cd/space-ace 
Space Adventure Cobra Legendary Bandit,ND,ND,ND,,,http://videogames.pricecharting.com/game/sega-cd/space-adventure-cobra-legendary-bandit 
Spiderman vs Kingpin,39.99,59.99,124.99,010086044126,12984,http://videogames.pricecharting.com/game/sega-cd/spiderman-vs-kingpin 
Starblade,39.99,79.99,149.99,722674020374,14768,http://videogames.pricecharting.com/game/sega-cd/starblade 
Star Wars Chess,24.99,39.99,69.99,050047115014,13959,http://videogames.pricecharting.com/game/sega-cd/star-wars-chess 
Star Wars Rebel Assault,19.99,24.99,44.99,009119930581,14470,http://videogames.pricecharting.com/game/sega-cd/star-wars-rebel-assault 
Stellar Fire,9.99,13.99,24.99,020626856331020626436168,14769,http://videogames.pricecharting.com/game/sega-cd/stellar-fire 
Supreme Warrior,29.99,29.99,59.99,782346024116,14770,http://videogames.pricecharting.com/game/sega-cd/supreme-warrior 
Surgical Strike,13.99,19.99,29.99,010086044355,13096,http://videogames.pricecharting.com/game/sega-cd/surgical-strike 
The Secret of Monkey Island,34.99,79.99,84.99,009119920537,14772,http://videogames.pricecharting.com/game/sega-cd/the-secret-of-monkey-island 
The Smurfs,ND,ND,ND,,,http://videogames.pricecharting.com/game/sega-cd/the-smurfs 
The Terminator,ND,ND,ND,,,http://videogames.pricecharting.com/game/sega-cd/the-terminator 
The Third World War,11.99,34.99,59.99,027479900020,14773,http://videogames.pricecharting.com/game/sega-cd/the-third-world-war 
Time Gal,39.99,179.99,214.99,720238103105,12985,http://videogames.pricecharting.com/game/sega-cd/time-gal 
Tomcat Alley,4.99,12.99,29.99,010086044294,14774,http://videogames.pricecharting.com/game/sega-cd/tomcat-alley 
Trivial Pursuit,7.99,12.99,24.99,073000440251,14775,http://videogames.pricecharting.com/game/sega-cd/trivial-pursuit 
Ultraverse Prime/Microcosm,54.99,74.99,94.99,735009224705,14777,http://videogames.pricecharting.com/game/sega-cd/ultraverse-primemicrocosm 
Urusei Yatsura My Dear Friends,9.99,18.99,34.99,,14778,http://videogames.pricecharting.com/game/sega-cd/urusei-yatsura-my-dear-friends 
Vay,109.99,174.99,229.99,735366270254,14646,http://videogames.pricecharting.com/game/sega-cd/vay 
Waurau Salesman,-.01,-.01,-.01,,69343,http://videogames.pricecharting.com/game/sega-cd/waurau-salesman 
Wheel of Fortune,9.99,19.99,39.99,090451606074,14780,http://videogames.pricecharting.com/game/sega-cd/wheel-of-fortune 
Who Shot Johnny Rock,18.99,24.99,34.99,767861000098,14781,http://videogames.pricecharting.com/game/sega-cd/who-shot-johnny-rock 
Wild Woody,69.99,154.99,279.99,010086044409,14782,http://videogames.pricecharting.com/game/sega-cd/wild-woody 
Wing Commander,11.99,24.99,44.99,017814772719,14783,http://videogames.pricecharting.com/game/sega-cd/wing-commander 
Wirehead,34.99,49.99,59.99,010086044379,14784,http://videogames.pricecharting.com/game/sega-cd/wirehead 
Wolfchild,34.99,99.99,144.99,009119920544,14785,http://videogames.pricecharting.com/game/sega-cd/wolfchild 
Wonderchild,ND,ND,ND,,,http://videogames.pricecharting.com/game/sega-cd/wonderchild 
Wonder Dog,19.99,99.99,184.99,009119920520,13731,http://videogames.pricecharting.com/game/sega-cd/wonder-dog 
World Cup USA 94,19.99,29.99,44.99,743175790252,14787,http://videogames.pricecharting.com/game/sega-cd/world-cup-usa-94 
WWF Rage in the Cage,24.99,34.99,49.99,734549003030,12993,http://videogames.pricecharting.com/game/sega-cd/wwf-rage-in-the-cage 
Yumemi Mystery Mansion,59.99,64.99,134.99,,69344,http://videogames.pricecharting.com/game/sega-cd/yumemi-mystery-mansion 
